,Low,Low Error,Moderate,Moderate Error,High,High Error
Base CNN,140,0.5730337078651685,156,0.10344827586206896,383,0.13313609467455623
Parallel CNN,132,0.48314606741573035,148,0.14942528735632185,393,0.16272189349112426
Recurrent CNN,139,0.5617977528089888,133,0.23563218390804597,379,0.12130177514792899
Sample Level CNN,136,0.5280898876404494,159,0.08620689655172414,361,0.06804733727810651
WaveNet,149,0.6741573033707865,168,0.034482758620689655,339,0.0029585798816568047
