,Low,Low Error,Moderate,Moderate Error,High,High Error
Base CNN,226,1.5393258426966292,217,0.2471264367816092,302,0.10650887573964497
Complex CNN,201,1.2584269662921348,155,0.10919540229885058,300,0.11242603550295859
Recurrent CNN,318,2.5730337078651684,169,0.028735632183908046,345,0.020710059171597635
Adapted Residual CNN,203,1.2808988764044944,123,0.29310344827586204,301,0.10946745562130178
Residual CNN,217,1.4382022471910112,207,0.1896551724137931,320,0.05325443786982249
